word,count
真的,172
狗头,148
游戏,146
一个,144
视频,136
一起,130
太,127
吃,122
会,112
系列,111
做,100
联动,89
新,87
梦幻,86
老师,81
可爱,79
没有,77
世界,74
真,73
体验,73
完,71
鬼畜,69
说,68
这是,67
竟然,67
爱,67
中,66
笑,65
神仙,64
中国,63
听,62
区,62
站,62
里,61
没,60
真实,59
想,58
好家伙,58
原来,56
已经,56
年,55
挑战,55
主,54
老,54
美食,53
狂喜,53
永远,52
高能,51
欢迎,51
玩,50
恭喜,50
看到,50
电影,49
动画,49
到底,49
不会,48
震撼,48
快乐,48
致敬,47
终于,46
番茄,46
收藏,45
整活,45
超,44
版,44
更新,44
一定,44
谢谢,43
历史,43
知识,43
故事,42
请,42
不要,42
硬核,42
亿遍,42
更,41
还原,41
童年,41
带,40
省流,40
剧情,39
最后,39
出,39
不能,38
经典,38
知道,38
好听,37
制作,37
快,36
青春,36
起来,36
技术,36
音乐,35
月,35
魔法,35
英雄,34
现场,34
学会,33
人生,33
人类,33
离谱,33
建议,33
进来,33
感动,32
生活,32
妈妈,31
泪目,31
哭,31
感受,31
喵,31
猫,31
懂,30
质量,30
有点,30
可能,30
加油,30
属于,30
新番,30
咯,30
祝,29
喜欢,29
细节,29
官方,29
一天,29
耶,29
剪辑,28
居然,28
教,28
复刻,28
回归,28
双厨,28
成为,28
回忆,28
评论,28
全程,28
愿,27
看看,27
两个,27
分秒,27
百万,27
走,27
完结,27
灵魂,27
第一次,27
高,27
背后,26
真正,26
长,26
治愈,26
拉满,26
小潮,26
科普,26
真是,26
现在,26
声音,26
家,26
同学,26
测评,26
恐怖,25
手机,25
成功,25
爷青回,25
味道,25
出现,25
事,25
发现,25
开启,25
时间,24
在线,24
上头,24
期待,24
感觉,24
无限,24
兄弟,24
宝藏,24
一次,24
浪漫,24
买,23
绝,23
朋友,23
节目,23
撒花,23
精彩,23
循环,23
上线,23
艺术,23
大佬,23
解析,23
需要,22
前,22
画风,22
学习,22
结尾,22
跳,22
惊人,22
人间,22
未来,22
馋,22
希望,22
每天,22
点,22
男人,22
变成,22
存在,21
幸福,21
回来,21
东西,21
冰冰,21
弹幕,21
跪,21
保护,21
专业,21
二创,21
美国,21
大型,21
爆炸,21
再来,21
特效,21
生日快乐,21
效果,21
角色,21
毫无,21
力,21
作品,20
解说,20
画,20
有人,20
一直,20
一场,20
梦,20
直接,20
绝美,20
梦想,20
疯狂,20
神,20
相信,20
现实,20
每个,20
见,20
神奇,20
最强,20
式,20
一年,19
甜,19
老板,19
孩子,19
要素,19
看过,19
以后,19
一下,19
值得,19
违和感,19
感谢,19
梗,19
这期,19
见证,18
爱情,18
热爱,18
开口,18
路,18
成,18
狗,18
完美,18
爷爷,18
准备,18
学到,18
太强,18
名,18
超级,18
一种,18
玩家,18
时,18
来看,18
杀,18
美好,18
不愧,18
伟大,17
日常,17
跳舞,17
听说,17
大师,17
好看,17
解读,17
了解,17
视角,17
绝对,17
拍,17
传奇,17
收藏夹,17
不到,17
方式,17
用心,17
拒绝,17
是不是,16
努力,16
手工,16
全新,16
赛博,16
过于,16
打开,16
